Workbook

Sheet Dashboard
B2: IEP Caseload & Goal Progress Tracker
B3: Report date | C3: 46290 | D3: Status uses data from the last 30 days
B5: Students | D5: Active Goals | E5: Needs Attention | H5: Improving
B6: =SUMPRODUCT(1/COUNTIF(C10:C15,C10:C15)) | D6: =COUNTA(B10:B15) | E6: =COUNTIF(J10:J15,"No Recent Data")+COUNTIF(J10:J15,"Declining") | H6: =COUNTIF(J10:J15,"Improving")
B9: Goal ID | C9: Student | D9: Goal | E9: Area | F9: Baseline | G9: Latest | H9: Last Data | I9: Service Min / Wk | J9: Status
B10: G-101 | C10: STU-001 | D10: Reading fluency | E10: Reading | F10: 0.42 | G10: =IF(L10=0,"",M10) | H10: =IF(L10=0,"",L10) | I10: 120 / 120 | J10: =IF(L10=0,"No Data",IF($C$3-L10>30,"No Recent Data",IF(M10>O10,"Improving",IF(M10<O10,"Declining","Steady")))) | L10: =SUMPRODUCT(MAX(('Progress Log'!$C$5:$C$60=B10)*'Progress Log'!$A$5:$A$60)) | M10: =SUMIFS('Progress Log'!$D$5:$D$60,'Progress Log'!$C$5:$C$60,B10,'Progress Log'!$A$5:$A$60,L10) | N10: =SUMPRODUCT(MAX(('Progress Log'!$C$5:$C$60=B10)*('Progress Log'!$A$5:$A$60<L10)*'Progress Log'!$A$5:$A$60)) | O10: =SUMIFS('Progress Log'!$D$5:$D$60,'Progress Log'!$C$5:$C$60,B10,'Progress Log'!$A$5:$A$60,N10)
B11: G-102 | C11: STU-002 | D11: Multi-step word problems | E11: Math | F11: 0.35 | G11: =IF(L11=0,"",M11) | H11: =IF(L11=0,"",L11) | I11: 90 / 90 | J11: =IF(L11=0,"No Data",IF($C$3-L11>30,"No Recent Data",IF(M11>O11,"Improving",IF(M11<O11,"Declining","Steady")))) | L11: =SUMPRODUCT(MAX(('Progress Log'!$C$5:$C$60=B11)*'Progress Log'!$A$5:$A$60)) | M11: =SUMIFS('Progress Log'!$D$5:$D$60,'Progress Log'!$C$5:$C$60,B11,'Progress Log'!$A$5:$A$60,L11) | N11: =SUMPRODUCT(MAX(('Progress Log'!$C$5:$C$60=B11)*('Progress Log'!$A$5:$A$60<L11)*'Progress Log'!$A$5:$A$60)) | O11: =SUMIFS('Progress Log'!$D$5:$D$60,'Progress Log'!$C$5:$C$60,B11,'Progress Log'!$A$5:$A$60,N11)
B12: G-103 | C12: STU-003 | D12: Self-advocacy requests | E12: Behavior | F12: 0.2 | G12: =IF(L12=0,"",M12) | H12: =IF(L12=0,"",L12) | I12: 45 / 60 | J12: =IF(L12=0,"No Data",IF($C$3-L12>30,"No Recent Data",IF(M12>O12,"Improving",IF(M12<O12,"Declining","Steady")))) | L12: =SUMPRODUCT(MAX(('Progress Log'!$C$5:$C$60=B12)*'Progress Log'!$A$5:$A$60)) | M12: =SUMIFS('Progress Log'!$D$5:$D$60,'Progress Log'!$C$5:$C$60,B12,'Progress Log'!$A$5:$A$60,L12) | N12: =SUMPRODUCT(MAX(('Progress Log'!$C$5:$C$60=B12)*('Progress Log'!$A$5:$A$60<L12)*'Progress Log'!$A$5:$A$60)) | O12: =SUMIFS('Progress Log'!$D$5:$D$60,'Progress Log'!$C$5:$C$60,B12,'Progress Log'!$A$5:$A$60,N12)
B13: G-104 | C13: STU-004 | D13: Reading comprehension | E13: Reading | F13: 0.4 | G13: =IF(L13=0,"",M13) | H13: =IF(L13=0,"",L13) | I13: 120 / 120 | J13: =IF(L13=0,"No Data",IF($C$3-L13>30,"No Recent Data",IF(M13>O13,"Improving",IF(M13<O13,"Declining","Steady")))) | L13: =SUMPRODUCT(MAX(('Progress Log'!$C$5:$C$60=B13)*'Progress Log'!$A$5:$A$60)) | M13: =SUMIFS('Progress Log'!$D$5:$D$60,'Progress Log'!$C$5:$C$60,B13,'Progress Log'!$A$5:$A$60,L13) | N13: =SUMPRODUCT(MAX(('Progress Log'!$C$5:$C$60=B13)*('Progress Log'!$A$5:$A$60<L13)*'Progress Log'!$A$5:$A$60)) | O13: =SUMIFS('Progress Log'!$D$5:$D$60,'Progress Log'!$C$5:$C$60,B13,'Progress Log'!$A$5:$A$60,N13)
B14: G-105 | C14: STU-005 | D14: Written expression | E14: Writing | F14: 0.3 | G14: =IF(L14=0,"",M14) | H14: =IF(L14=0,"",L14) | I14: 90 / 90 | J14: =IF(L14=0,"No Data",IF($C$3-L14>30,"No Recent Data",IF(M14>O14,"Improving",IF(M14<O14,"Declining","Steady")))) | L14: =SUMPRODUCT(MAX(('Progress Log'!$C$5:$C$60=B14)*'Progress Log'!$A$5:$A$60)) | M14: =SUMIFS('Progress Log'!$D$5:$D$60,'Progress Log'!$C$5:$C$60,B14,'Progress Log'!$A$5:$A$60,L14) | N14: =SUMPRODUCT(MAX(('Progress Log'!$C$5:$C$60=B14)*('Progress Log'!$A$5:$A$60<L14)*'Progress Log'!$A$5:$A$60)) | O14: =SUMIFS('Progress Log'!$D$5:$D$60,'Progress Log'!$C$5:$C$60,B14,'Progress Log'!$A$5:$A$60,N14)
B15: G-106 | C15: STU-006 | D15: Math fact fluency | E15: Math | F15: 0.5 | G15: =IF(L15=0,"",M15) | H15: =IF(L15=0,"",L15) | I15: 60 / 60 | J15: =IF(L15=0,"No Data",IF($C$3-L15>30,"No Recent Data",IF(M15>O15,"Improving",IF(M15<O15,"Declining","Steady")))) | L15: =SUMPRODUCT(MAX(('Progress Log'!$C$5:$C$60=B15)*'Progress Log'!$A$5:$A$60)) | M15: =SUMIFS('Progress Log'!$D$5:$D$60,'Progress Log'!$C$5:$C$60,B15,'Progress Log'!$A$5:$A$60,L15) | N15: =SUMPRODUCT(MAX(('Progress Log'!$C$5:$C$60=B15)*('Progress Log'!$A$5:$A$60<L15)*'Progress Log'!$A$5:$A$60)) | O15: =SUMIFS('Progress Log'!$D$5:$D$60,'Progress Log'!$C$5:$C$60,B15,'Progress Log'!$A$5:$A$60,N15)

Sheet Progress Log
A1: Progress Log
A2: Enter one row per data collection. The dashboard updates automatically.
A4: Date | B4: Student | C4: Goal ID | D4: Score % | E4: Notes
A5: 46262 | B5: STU-001 | C5: G-101 | D5: 0.55
A6: 46283 | B6: STU-001 | C6: G-101 | D6: 0.64
A7: 46264 | B7: STU-002 | C7: G-102 | D7: 0.48
A8: 46284 | B8: STU-002 | C8: G-102 | D8: 0.57
A9: 46267 | B9: STU-003 | C9: G-103 | D9: 0.4
A10: 46287 | B10: STU-003 | C10: G-103 | D10: 0.4
A11: 46217 | B11: STU-004 | C11: G-104 | D11: 0.45
A12: 46246 | B12: STU-004 | C12: G-104 | D12: 0.6
A13: 46266 | B13: STU-005 | C13: G-105 | D13: 0.44
A14: 46281 | B14: STU-005 | C14: G-105 | D14: 0.58
A15: 46268 | B15: STU-006 | C15: G-106 | D15: 0.7
A16: 46286 | B16: STU-006 | C16: G-106 | D16: 0.55
