Workbook

Sheet Plan
A1: Home Maintenance Planner
A2: As of | B2: 46290
A4: Overdue | C4: Due in 14 days | E4: On Schedule
A5: =COUNTIF(F7:F18,"Overdue") | C5: =COUNTIF(F7:F18,"Due Soon") | E5: =COUNTIF(F7:F18,"Scheduled")/COUNTA(A7:A18)
A6: Task | B6: Area | C6: Every | D6: Last Done | E6: Next Due | F6: Status
A7: Replace HVAC filter | B7: HVAC | C7: 90 | D7: =SUMPRODUCT(MAX(('Service Log'!$B$4:$B$40=A7)*'Service Log'!$A$4:$A$40)) | E7: =D7+C7 | F7: =IF(E7<$B$2,"Overdue",IF(E7-$B$2<=14,"Due Soon","Scheduled"))
A8: Clean gutters | B8: Exterior | C8: 180 | D8: =SUMPRODUCT(MAX(('Service Log'!$B$4:$B$40=A8)*'Service Log'!$A$4:$A$40)) | E8: =D8+C8 | F8: =IF(E8<$B$2,"Overdue",IF(E8-$B$2<=14,"Due Soon","Scheduled"))
A9: Test smoke detectors | B9: Safety | C9: 30 | D9: =SUMPRODUCT(MAX(('Service Log'!$B$4:$B$40=A9)*'Service Log'!$A$4:$A$40)) | E9: =D9+C9 | F9: =IF(E9<$B$2,"Overdue",IF(E9-$B$2<=14,"Due Soon","Scheduled"))
A10: Flush water heater | B10: Plumbing | C10: 365 | D10: =SUMPRODUCT(MAX(('Service Log'!$B$4:$B$40=A10)*'Service Log'!$A$4:$A$40)) | E10: =D10+C10 | F10: =IF(E10<$B$2,"Overdue",IF(E10-$B$2<=14,"Due Soon","Scheduled"))
A11: Clean dryer vent | B11: Laundry | C11: 180 | D11: =SUMPRODUCT(MAX(('Service Log'!$B$4:$B$40=A11)*'Service Log'!$A$4:$A$40)) | E11: =D11+C11 | F11: =IF(E11<$B$2,"Overdue",IF(E11-$B$2<=14,"Due Soon","Scheduled"))
A12: Service lawn mower | B12: Garden | C12: 365 | D12: =SUMPRODUCT(MAX(('Service Log'!$B$4:$B$40=A12)*'Service Log'!$A$4:$A$40)) | E12: =D12+C12 | F12: =IF(E12<$B$2,"Overdue",IF(E12-$B$2<=14,"Due Soon","Scheduled"))
A13: Check fire extinguisher | B13: Safety | C13: 180 | D13: =SUMPRODUCT(MAX(('Service Log'!$B$4:$B$40=A13)*'Service Log'!$A$4:$A$40)) | E13: =D13+C13 | F13: =IF(E13<$B$2,"Overdue",IF(E13-$B$2<=14,"Due Soon","Scheduled"))
A14: Clean fridge coils | B14: Kitchen | C14: 180 | D14: =SUMPRODUCT(MAX(('Service Log'!$B$4:$B$40=A14)*'Service Log'!$A$4:$A$40)) | E14: =D14+C14 | F14: =IF(E14<$B$2,"Overdue",IF(E14-$B$2<=14,"Due Soon","Scheduled"))
A15: Inspect roof | B15: Exterior | C15: 365 | D15: =SUMPRODUCT(MAX(('Service Log'!$B$4:$B$40=A15)*'Service Log'!$A$4:$A$40)) | E15: =D15+C15 | F15: =IF(E15<$B$2,"Overdue",IF(E15-$B$2<=14,"Due Soon","Scheduled"))
A16: Test GFCI outlets | B16: Electrical | C16: 90 | D16: =SUMPRODUCT(MAX(('Service Log'!$B$4:$B$40=A16)*'Service Log'!$A$4:$A$40)) | E16: =D16+C16 | F16: =IF(E16<$B$2,"Overdue",IF(E16-$B$2<=14,"Due Soon","Scheduled"))
A17: Seal grout | B17: Bathroom | C17: 365 | D17: =SUMPRODUCT(MAX(('Service Log'!$B$4:$B$40=A17)*'Service Log'!$A$4:$A$40)) | E17: =D17+C17 | F17: =IF(E17<$B$2,"Overdue",IF(E17-$B$2<=14,"Due Soon","Scheduled"))
A18: Clean range hood filter | B18: Kitchen | C18: 90 | D18: =SUMPRODUCT(MAX(('Service Log'!$B$4:$B$40=A18)*'Service Log'!$A$4:$A$40)) | E18: =D18+C18 | F18: =IF(E18<$B$2,"Overdue",IF(E18-$B$2<=14,"Due Soon","Scheduled"))

Sheet Service Log
A1: Service Log
A3: Date | B3: Task | C3: Cost | D3: Note
A4: 46162 | B4: Replace HVAC filter | C4: 24
A5: 46083 | B5: Clean gutters | C5: 180
A6: 46244 | B6: Test smoke detectors | C6: 0
A7: 46037 | B7: Flush water heater | C7: 0
A8: 46267 | B8: Clean dryer vent | C8: 0
A9: 46124 | B9: Service lawn mower | C9: 85
A10: 46174 | B10: Check fire extinguisher | C10: 0
A11: 46223 | B11: Clean fridge coils | C11: 0
A12: 46147 | B12: Inspect roof | C12: 150
A13: 46235 | B13: Test GFCI outlets | C13: 0
A14: 46067 | B14: Seal grout | C14: 18
A15: 46233 | B15: Clean range hood filter | C15: 0
A16: 46289 | B16: Replace HVAC filter | C16: 24 | D16: MERV 11, 20x25x1
